"ID de categoría";"Activo";"Agregar fecha";"Actualización de fecha";"Posición";"Es categoría raíz";"Nombre de la categoría";"Descripción";"URL amigable";"Meta Título";"Meta Palabras clave";"Meta Descripción";"Imagen de la categoría";"Categoría grupos"
"1";"1";"11-09-2009 15:28:56";"11-09-2009 15:28:56";"1";"1";"Root|Inicio";"";"home";"";"";"";"1.jpg";"Cliente Final|Servicio Tecnico|Distribuidor|Visitor|Guest"
"7";"1";"11-09-2009 23:36:38";"20-12-2017 19:23:17";"1";"0";"Root|Inicio|COMPUTACIÓN|Cargadores de Notebook|Cargador Acer";"";"cargadores-acer";"Cargador Acer";"cargadores,acer";"Cargador Acer";"7.jpg";"Cliente Final|Visitor|Guest"
"8";"1";"14-10-2009 19:06:19";"20-12-2017 19:23:48";"5";"0";"Root|Inicio|COMPUTACIÓN|Cargadores de Notebook|Cargador HP-Compaq";"";"hp-ccompaq";"Cargador HP-Compaq";"cargadores, hp, compaq";"Cargador HP-Compaq";"8.jpg";"Cliente Final|Servicio Tecnico|Distribuidor|Visitor|Guest"
"9";"1";"14-10-2009 20:08:25";"20-12-2017 19:23:23";"2";"0";"Root|Inicio|COMPUTACIÓN|Cargadores de Notebook|Cargador Apple";"";"apple";"Cargador Apple";"cargadores, apple";"Cargador Apple";"9.jpg";"Cliente Final|Visitor|Guest"
"10";"0";"15-10-2009 11:38:08";"26-05-2015 21:39:26";"3";"0";"Root|Inicio|COMPUTACIÓN|Notebook|Notebook";"";"notebook";"";"notebook";"";"10.jpg";"Cliente Final|Servicio Tecnico|Distribuidor|Visitor|Guest"
"11";"1";"15-10-2009 19:15:47";"20-12-2017 19:23:41";"4";"0";"Root|Inicio|COMPUTACIÓN|Cargadores de Notebook|Cargador Dell";"";"dell";"Cargador dell";"Cargador, dell";"Cargador dell";"11.jpg";"Cliente Final|Visitor|Guest"
"13";"1";"27-10-2009 16:52:25";"14-07-2017 16:14:24";"4";"0";"Root|Inicio|COMPUTACIÓN|Baterias de Notebook|Baterias Dell";"";"baterias-dell";"Baterias Dell";"Baterias, Dell,baterias de notebook dell,baterias dell";"Baterias Dell";"13.jpg";"Cliente Final|Servicio Tecnico|Distribuidor|Visitor|Guest"
"14";"1";"03-11-2009 19:07:20";"20-12-2017 19:24:48";"12";"0";"Root|Inicio|COMPUTACIÓN|Cargadores de Notebook|Cargador Sony";"";"cargador-sony";"Cargador Sony";"cargadores, sony";"Cargador, Sony";"14.jpg";"Cliente Final|Visitor|Guest"
"15";"1";"05-11-2009 17:44:41";"14-07-2017 16:13:05";"5";"0";"Root|Inicio|COMPUTACIÓN|Baterias de Notebook|Baterias HP COMPAQ";"";"baterias-hp-compaq";"Baterias HP COMPAQ bateria,";"baterias, hp, compaq, bateria,";"Baterias HP COMPAQ bateria,";"15.jpg";"Cliente Final|Servicio Tecnico|Distribuidor|Visitor|Guest"
"219";"1";"08-09-2015 12:04:13";"19-04-2018 8:14:58";"1";"0";"Root|Inicio|CAMARAS";"";"camaras";"CAMARAS";"CAMARAS, espias de seguridad y otras";"CAMARAS";"219.jpg";"Cliente Final|Servicio Tecnico|Distribuidor|Visitor|Guest"
"22";"1";"25-01-2010 20:00:19";"07-09-2015 20:08:09";"1";"0";"Root|Inicio|OTROS|Accesorios Generales";"";"accesorios-en-general";"";"Accesorios, en, General";"Accesorios en General";"22.jpg";"Cliente Final|Visitor|Guest"
"26";"1";"01-02-2010 16:04:00";"14-07-2017 16:13:46";"2";"0";"Root|Inicio|COMPUTACIÓN|Baterias de Notebook|Baterias Apple";"";"baterias-apple";"Baterias Apple";"Baterias, Apple,bateria notebook apple,bateria apple, baterias";"Baterias Apple";"26.jpg";"Cliente Final|Servicio Tecnico|Distribuidor|Visitor|Guest"
"28";"1";"02-03-2010 18:24:02";"20-12-2017 19:24:58";"13";"0";"Root|Inicio|COMPUTACIÓN|Cargadores de Notebook|Cargador Toshiba";"";"toshiba";"Cargador Toshiba";"cargadores, toshiba";"Cargador Toshiba";"28.jpg";"Cliente Final|Servicio Tecnico|Visitor|Guest"
"30";"1";"18-06-2010 19:40:52";"20-12-2017 20:29:10";"1";"0";"Root|Inicio|COMPUTACIÓN|Almacenamiento";"";"almacenamiento";"Almacenamiento";"memoria, almacenamiento, memorias flash, micro sd, discos duros";"Almacenamiento";"30.jpg";"Cliente Final|Servicio Tecnico|Distribuidor|Visitor|Guest"
"32";"0";"01-07-2010 18:24:15";"07-09-2015 20:06:01";"4";"0";"Root|Inicio|CASA, AUTO Y JARDIN|Cerco para perros";"";"cerco-para-perros";"cerco perro";"";"";"32.jpg";"Cliente Final|Servicio Tecnico|Distribuidor|Visitor|Guest"
"38";"1";"27-08-2010 12:41:32";"08-09-2015 11:21:50";"2";"0";"Root|Inicio|COMPUTACIÓN|Cables";"";"cables";"";"";"";"38.jpg";"Cliente Final|Servicio Tecnico|Distribuidor|Visitor|Guest"
"39";"1";"30-08-2010 11:05:34";"20-12-2017 19:22:44";"3";"0";"Root|Inicio|COMPUTACIÓN|Cargadores de Notebook|Cargador Asus";"";"asus";"Cargador Asus";"cargadores, asus";"Cargador Asus";"39.jpg";"Cliente Final|Servicio Tecnico|Distribuidor|Visitor|Guest"
"40";"1";"03-09-2010 16:10:22";"15-10-2010 15:24:31";"1";"0";"Root|Inicio|COMPUTACIÓN|Notebook|Bisagras Notebook|Bisagras";"Bisagras para notebook";"bisagras";"";"";"";"40.jpg";"Cliente Final|Servicio Tecnico|Distribuidor|Visitor|Guest"
"221";"1";"24-09-2015 16:50:15";"24-09-2015 16:51:28";"8";"0";"Root|Inicio|COMPUTACIÓN|Accesorios de Tablet|Accesorios Galaxy Tab E";"";"accesorios-galaxy-tab-e";"Accesorios Galaxy Tab E";"Accesorios, Galaxy, Tab E";"Accesorios Galaxy Tab E";"221.jpg";"Cliente Final|Servicio Tecnico|Distribuidor|Visitor|Guest"
"46";"1";"29-09-2010 12:38:17";"29-09-2010 12:38:17";"1";"0";"Root|Inicio|COMPUTACIÓN|Notebook|Notebook|Mini Netbook";"";"mini-netbook";"";"";"";"46.jpg";"Cliente Final|Servicio Tecnico|Distribuidor|Visitor|Guest"
"48";"0";"05-10-2010 21:25:58";"07-09-2015 20:04:06";"1";"0";"Root|Inicio|CASA, AUTO Y JARDIN|GPS";"";"gps-sistema-gps-auto";"";"GPS, sistema GPS,gps auto, gps con tv";"GPS, sistema GPS, ";"48.jpg";"Cliente Final|Servicio Tecnico|Distribuidor|Visitor|Guest"
"51";"1";"05-10-2010 21:40:10";"08-09-2015 12:32:22";"3";"0";"Root|Inicio|CAMARAS|Cámaras Espías";"";"camaras-espias";"Camaras espias";"Camaras espias";"Camaras espias";"51.jpg";"Cliente Final|Servicio Tecnico|Distribuidor|Visitor|Guest"
"53";"1";"05-10-2010 21:45:41";"14-10-2015 23:38:56";"3";"0";"Root|Inicio|CELULARES|Celulares de Adulto Mayor";"";"celulares";"Celulares de Adulto Mayor";"Celulares, adulto, mayor";"Celulares de Adulto Mayor";"53.jpg";"Cliente Final|Servicio Tecnico|Distribuidor|Visitor|Guest"
"54";"0";"05-10-2010 21:48:15";"08-09-2015 11:09:09";"9";"0";"Root|Inicio|COMPUTACIÓN|Proyector";"";"proyector";"";"";"";"54.jpg";"Cliente Final|Visitor|Guest"
"55";"0";"05-10-2010 21:48:34";"05-10-2010 21:48:34";"2";"0";"Root|Inicio|COMPUTACIÓN|Proyector|Mini Proyector";"";"mini-pr";"";"";"";"55.jpg";"Cliente Final|Servicio Tecnico|Distribuidor|Visitor|Guest"
"56";"0";"05-10-2010 21:52:38";"05-10-2010 21:52:38";"1";"0";"Root|Inicio|COMPUTACIÓN|Proyector|Control Remoto Puntero";"";"control-remoto-puntero";"";"";"";"56.jpg";"Cliente Final|Servicio Tecnico|Distribuidor|Visitor|Guest"
"62";"1";"15-10-2010 15:20:47";"20-12-2017 20:27:47";"2";"0";"Root|Inicio|COMPUTACIÓN|Baterias de Notebook";"";"baterias-notebook-y-netbook";"Baterias de Notebook";"Baterias, Notebook,baterias notebook,acer,hp,compaq,lenovo,asus,olidata,toshiba,samsung,sony,apple,mac,dell,packard bell,BATERIAS DE NOTEBOOK";"Baterias de Notebook";"62.jpg";"Cliente Final|Servicio Tecnico|Distribuidor|Visitor|Guest"
"63";"1";"15-10-2010 15:21:33";"20-12-2017 20:28:26";"2";"0";"Root|Inicio|COMPUTACIÓN|Cargadores de Notebook";"";"cargadores-o-adaptadores-de-notebook-y-netbook";"";"cargadores de notebook, cargadores notebook,cargadores,notebook,acer,apple,mac,asus,dell,hp,compaq,toshiba,lenovo,samsung,sony,olidta,packard bell";"";"63.jpg";"Cliente Final|Servicio Tecnico|Distribuidor|Visitor|Guest"
"64";"0";"15-10-2010 15:24:00";"16-10-2015 0:24:55";"1";"0";"Root|Inicio|COMPUTACIÓN|Notebook|Bisagras Notebook";"";"bisagras-notebook";"";"";"";"64.jpg";"Cliente Final|Servicio Tecnico|Distribuidor|Visitor|Guest"
"65";"1";"15-10-2010 15:27:30";"20-12-2017 20:30:09";"9";"0";"Root|Inicio|COMPUTACIÓN|Pantallas Notebook";"";"pantallas-notebook-y-netbook";"";"pantallas, pantallas notebook,notebook";"";"65.jpg";"Cliente Final|Servicio Tecnico|Distribuidor|Visitor|Guest"
"72";"1";"28-03-2011 16:23:18";"24-08-2011 11:35:59";"1";"0";"Root|Inicio|COMPUTACIÓN|Pantallas Notebook|Pantalla LCD de 7"" a 11.6""";"";"pantalla-lcd-de-70-a-116";"Pantalla Netbook Notebook";"Pantalla, Netbook, Notebook,";"Pantalla Netbook Notebook";"72.jpg";"Cliente Final|Servicio Tecnico|Distribuidor|Visitor|Guest"
"73";"1";"28-03-2011 17:13:04";"23-08-2011 14:03:44";"2";"0";"Root|Inicio|COMPUTACIÓN|Pantallas Notebook|Pantalla LCD de 12.1"" a 13.4""";"";"pantalla-lcd-de-121-a-134";"";"Pantalla, LCD, de, 12.1"", a, 13.4""";"Pantalla LCD de 12.1"" a 13.4""";"73.jpg";"Cliente Final|Servicio Tecnico|Distribuidor|Visitor|Guest"
"74";"1";"28-03-2011 17:35:12";"28-03-2011 17:35:12";"3";"0";"Root|Inicio|COMPUTACIÓN|Pantallas Notebook|Pantalla LCD de 14"" a 14.1""";"";"pantalla-lcd-de-14-a-141";"Pantalla LCD de 14"" a 14.1""";"Pantalla, LCD, de, 14"", a, 14.1""";"Pantalla LCD de 14"" a 14.1""";"74.jpg";"Cliente Final|Servicio Tecnico|Distribuidor|Visitor|Guest"
"75";"1";"30-03-2011 11:22:31";"30-03-2011 13:18:39";"4";"0";"Root|Inicio|COMPUTACIÓN|Pantallas Notebook|Pantalla LCD de 15.0"" a 15.4""";"";"pantalla-lcd-de-150-a-156";"Pantalla LCD de 15.0"" a 15.6""";"Pantalla, LCD, de, 15.0"", a, 15.6""";"Pantalla LCD de 15.0"" a 15.6""";"75.jpg";"Cliente Final|Servicio Tecnico|Distribuidor|Visitor|Guest"
"76";"1";"30-03-2011 13:19:32";"30-03-2011 13:19:32";"5";"0";"Root|Inicio|COMPUTACIÓN|Pantallas Notebook|Pantalla LCD de 15.6"" a 17.3""";"";"pantalla-lcd-de-156-a-173";"Pantalla LCD de 15.6"" a 17.3""";"Pantalla, LCD, de, 15.6"", a, 17.3""";"Pantalla LCD de 15.6"" a 17.3""";"76.jpg";"Cliente Final|Servicio Tecnico|Distribuidor|Visitor|Guest"
"78";"1";"02-06-2011 13:36:11";"24-09-2015 16:47:56";"13";"0";"Root|Inicio|COMPUTACIÓN|Accesorios de Tablet|Accesorios Galaxy Tab";"";"accesorios-samsung-galaxy";"tablet samsung Galaxy";"tablet, Samsung, Galaxy";"tablet samsung Galaxy";"78.jpg";"Cliente Final|Servicio Tecnico|Distribuidor|Visitor|Guest"
"79";"1";"11-06-2011 18:13:02";"01-06-2015 13:30:05";"16";"0";"Root|Inicio|COMPUTACIÓN|Accesorios de Tablet|Accesorios Tablet";"";"accesorios-tablet";"";"";"";"79.jpg";"Cliente Final|Servicio Tecnico|Distribuidor|Visitor|Guest"
"80";"1";"30-06-2011 15:10:39";"05-04-2016 23:40:01";"7";"0";"Root|Inicio|COMPUTACIÓN|Accesorios de Tablet|Accesorios Ipad 2";"";"accesorios-ipad-2";"Accesorios Ipad 2";"Accesorios, Ipad 2";"Accesorios Ipad 2";"80.jpg";"Cliente Final|Servicio Tecnico|Distribuidor|Visitor|Guest"
"81";"1";"07-07-2011 14:14:59";"26-10-2016 23:13:15";"2";"0";"Root|Inicio|CAMARAS|Cámaras Deportivas";"";"camaras-deporte";"Cámaras Deportivas";"Cámaras, Deportivas, deporte";"Cámaras Deportivas";"81.jpg";"Cliente Final|Servicio Tecnico|Distribuidor|Visitor|Guest"
"82";"1";"07-07-2011 18:43:05";"14-07-2017 16:15:24";"11";"0";"Root|Inicio|COMPUTACIÓN|Baterias de Notebook|Baterias Sony";"";"baterias-sony";"Baterias Sony";"Baterias, Sony,bateria notebook sony,bateria sony";"Baterias Sony";"82.jpg";"Cliente Final|Servicio Tecnico|Distribuidor|Visitor|Guest"
"83";"1";"07-07-2011 18:57:38";"14-07-2017 16:15:28";"12";"0";"Root|Inicio|COMPUTACIÓN|Baterias de Notebook|Baterias Toshiba";"";"baterias-toshiba";"Baterias Toshiba";"Baterias, Toshiba,bateria notebook toshiba, bateria toshiba";"Baterias Toshiba";"83.jpg";"Cliente Final|Servicio Tecnico|Distribuidor|Visitor|Guest"
"84";"1";"18-07-2011 19:00:37";"01-06-2015 13:29:47";"8";"0";"Root|Inicio|COMPUTACIÓN|Accesorios de Tablet|Accesorios Motorola Xoom";"";"accesorios-tablet-motorola-xoom";"Accesorios Tablet Motorola Xoom";"Accesorios, Tablet, Motorola, Xoom";"Accesorios Tablet Motorola Xoom";"84.jpg";"Cliente Final|Servicio Tecnico|Distribuidor|Visitor|Guest"
"205";"0";"26-05-2015 18:08:19";"08-09-2015 11:08:09";"7";"0";"Root|Inicio|COMPUTACIÓN|Notebook";"";"notebook";"Notebook";"notebook, componentes notebook,cargadores notebook";"Notebook ";"205.jpg";"Cliente Final|Servicio Tecnico|Distribuidor|Visitor|Guest"
"234";"1";"20-01-2017 15:46:10";"10-04-2018 13:17:25";"10";"0";"Root|Inicio|COMPUTACIÓN|Repuestos Servidores";"";"repuestos-servidores";"repuestos accesorios servidores";"repuestos, accesorios, servidores";"repuestos accesorios servidores";"234.jpg";"Cliente Final|Servicio Tecnico|Distribuidor|Visitor|Guest"
"88";"0";"15-09-2011 18:17:24";"07-09-2015 20:07:04";"6";"0";"Root|Inicio|CASA, AUTO Y JARDIN|Ojo Magico";"";"ojo-magico";"Ojo magico";"ojo. magico";"ojo magico";"88.jpg";"Cliente Final|Servicio Tecnico|Distribuidor|Visitor|Guest"
"90";"1";"13-10-2011 19:29:32";"14-07-2017 16:13:29";"1";"0";"Root|Inicio|COMPUTACIÓN|Baterias de Notebook|Baterias Acer";"";"bateria-acer";"bateria, acer,baterias de notebook acer, bateria notebook acer";"bateria, acer,baterias de notebook acer, bateria notebook acer";"bateria, acer,baterias de notebook acer, bateria notebook acer";"90.jpg";"Cliente Final|Servicio Tecnico|Distribuidor|Visitor|Guest"
"91";"1";"01-11-2011 18:48:45";"08-09-2015 11:08:35";"6";"0";"Root|Inicio|ENTRETENCION|Juguetes Solares";"<p>Juguetes Solares</p>";"juguetes-solares";"Juguetes solares";"Juguetes, solares, panel";"Juguetes, solares";"91.jpg";"Cliente Final|Servicio Tecnico|Distribuidor|Visitor|Guest"
"92";"1";"02-11-2011 21:03:59";"08-09-2015 11:07:43";"5";"0";"Root|Inicio|ENTRETENCION|Juguetes Radio Controlados";"<p>Juguetes radio controlados</p>";"juguetes-a-control-remoto";"";"Juguetes, radio, controlados, a, control, remoto";"Juguetes radio controlados";"92.jpg";"Cliente Final|Servicio Tecnico|Distribuidor|Visitor|Guest"
"93";"1";"08-11-2011 11:17:01";"07-03-2012 19:46:31";"1";"0";"Root|Inicio|COMPUTACIÓN|Accesorios de Tablet|Accesorios Galaxy Tab|Samsung Galaxy Tab de 7 pulgadas P-1000 P-1010";"Accesorios para galaxy tab de 7"" ";"samsung-galaxy-tab-de-7-pulgadas-p-1000-p-1010";"";"Accesorios, Samsung, Galaxy, Tab, de, 7, pulgadas, P-1000, P-1010";"Accesorios Samsung Galaxy Tab de 7 pulgadas P-1000 P-1010";"93.jpg";"Cliente Final|Servicio Tecnico|Distribuidor|Visitor|Guest"
"94";"1";"08-11-2011 11:20:20";"08-11-2011 11:20:20";"4";"0";"Root|Inicio|COMPUTACIÓN|Accesorios de Tablet|Accesorios Galaxy Tab|Samsung Galaxy Tab de 10.1 pulgadas P-7500 P-7510";"Accesorios Samsung Galaxy Tab de 10.1 pulgadas P-7500 P-7510";"samsung-galaxy-tab-de-101-pulgadas-p-7500-p-7510";"";"Accesorios, Samsung, Galaxy, Tab, de ,10.1, pulgadas, P-7500, P-7510";"Accesorios Samsung Galaxy Tab de 10.1 pulgadas P-7500 P-7510";"94.jpg";"Cliente Final|Servicio Tecnico|Distribuidor|Visitor|Guest"
"95";"1";"29-11-2011 14:37:33";"01-06-2015 13:17:15";"2";"0";"Root|Inicio|COMPUTACIÓN|Almacenamiento|Memorias SD y Micro SD";"Memorias micro sd";"memorias-micro-sd";"Memorias sd y micro sd";"Memorias, sd, micro sd";"Memorias sd ymicro sd";"95.jpg";"Cliente Final|Servicio Tecnico|Distribuidor|Visitor|Guest"
"96";"1";"29-11-2011 14:37:52";"01-06-2015 20:00:06";"3";"0";"Root|Inicio|COMPUTACIÓN|Almacenamiento|Pendrive";"";"pendrive";"";"Pendrive";"";"96.jpg";"Cliente Final|Servicio Tecnico|Distribuidor|Visitor|Guest"
"99";"1";"06-03-2012 19:57:27";"20-12-2017 19:24:31";"10";"0";"Root|Inicio|COMPUTACIÓN|Cargadores de Notebook|Cargador Samsung";"";"samsung";"Cargadores Samsung";"cargadores, samsung";"cargadores samsung";"99.jpg";"Cliente Final|Servicio Tecnico|Distribuidor|Visitor|Guest"
"100";"1";"07-03-2012 19:52:01";"07-03-2012 19:52:31";"2";"0";"Root|Inicio|COMPUTACIÓN|Accesorios de Tablet|Accesorios Galaxy Tab|Samsung Galaxy Tab de 7 pulgadas P6200 P6210";"";"samsung-galaxy-tab-de-7-pulgadas-p6200-p6210";"Samsung Galaxy Tab de 7 pulgadas P6200 p6210";"Samsung Galaxy Tab de 7 pulgadas P6200 p6210";"Samsung, Galaxy, Tab, de, 7, pulgadas, P6200, p6210";"100.jpg";"Cliente Final|Servicio Tecnico|Distribuidor|Visitor|Guest"
"101";"1";"09-03-2012 12:18:34";"14-07-2017 16:15:10";"10";"0";"Root|Inicio|COMPUTACIÓN|Baterias de Notebook|Baterias Samsung";"";"baterias-samsung";"Baterias, Samsung";"Baterias, Samsung,baterias notebook samsung,notebook,baterias samsung";"Baterias, Samsung";"101.jpg";"Cliente Final|Servicio Tecnico|Distribuidor|Visitor|Guest"
"102";"1";"09-03-2012 20:24:18";"20-12-2017 19:24:06";"8";"0";"Root|Inicio|COMPUTACIÓN|Cargadores de Notebook|Cargador Olidata";"";"olidata";"cargador olidata";"cargador, olidata";"cargador olidata";"102.jpg";"Cliente Final|Servicio Tecnico|Distribuidor|Visitor|Guest"
"103";"1";"14-03-2012 19:01:16";"20-12-2017 19:24:28";"9";"0";"Root|Inicio|COMPUTACIÓN|Cargadores de Notebook|Cargador Packard Bell";"";"cargador-packard-bell";"cargadores Packard Bell";"cargadores Packard Bell";"cargadores Packard Bell";"103.jpg";"Cliente Final|Servicio Tecnico|Distribuidor|Visitor|Guest"
"104";"1";"15-03-2012 14:04:08";"14-07-2017 16:14:31";"6";"0";"Root|Inicio|COMPUTACIÓN|Baterias de Notebook|Baterias IBM/Lenovo";"";"baterias-ibm";"bateria ibm";"bateria, ibm,baterias notebook ibm,baterias ibm";"bateria ibm";"104.jpg";"Cliente Final|Servicio Tecnico|Distribuidor|Visitor|Guest"
"105";"1";"28-03-2012 21:55:16";"28-03-2012 21:55:16";"3";"0";"Root|Inicio|COMPUTACIÓN|Accesorios de Tablet|Accesorios Galaxy Tab|Samsung Galaxy Tab de 8.9 pulgadas P7300 P7310";"";"samsung-galaxy-tab-de-89-pulgadas-p7300-p7310";"Samsung Galaxy Tab de 8.9 pulgadas P7300 P7310";"Samsung, Galaxy, Tab, de, 8.9, pulgadas, P7300, P7310";"Samsung Galaxy Tab de 8.9 pulgadas P7300 P7310";"105.jpg";"Cliente Final|Servicio Tecnico|Distribuidor|Visitor|Guest"
"107";"1";"22-04-2012 11:46:33";"07-09-2015 20:02:34";"8";"0";"Root|Inicio|CASA, AUTO Y JARDIN|YikeBike";"";"yikibike";"yikibike chile";"yikibike, en, chile";"yikibike chile";"107.jpg";"Cliente Final|Visitor|Guest"
"108";"1";"25-04-2012 22:08:12";"25-05-2015 19:01:27";"3";"0";"Root|Inicio|COMPUTACIÓN|Accesorios de Tablet|Accesorios Acer Iconia";"";"accesorios-acer-iconia";"Accesorios Acer Iconia";"Accesorios, Acer, Iconia";"Accesorios, Acer, Iconia";"108.jpg";"Cliente Final|Servicio Tecnico|Distribuidor|Visitor|Guest"
"110";"1";"15-05-2012 11:59:39";"25-05-2015 19:03:30";"9";"0";"Root|Inicio|COMPUTACIÓN|Accesorios de Tablet|Accesorios Ipad 3";"";"accesorios-ipad-3";"Accesorios, Ipad, 3, New, ipad";"Accesorios, Ipad, 3, new, ipad";"Accesorios, Ipad, 3, new, ipad";"110.jpg";"Cliente Final|Servicio Tecnico|Distribuidor|Visitor|Guest"
"111";"1";"24-05-2012 0:30:35";"20-12-2017 20:30:40";"12";"0";"Root|Inicio|COMPUTACIÓN|Teclados Notebook";"";"teclados-notebook";"";"Teclados, Notebook,teclados notebook";"Teclados Notebook";"111.jpg";"Cliente Final|Servicio Tecnico|Distribuidor|Visitor|Guest"
"113";"0";"04-06-2012 19:42:26";"04-06-2012 19:42:26";"1";"0";"Root|Inicio|COMPUTACIÓN|Teclados Notebook|Teclado Acer";"";"teclado-acer";"";"Teclado, Acer";"Teclado, Acer";"113.jpg";"Cliente Final|Servicio Tecnico|Distribuidor|Visitor|Guest"
"114";"0";"04-06-2012 19:43:37";"04-06-2012 19:43:37";"2";"0";"Root|Inicio|COMPUTACIÓN|Teclados Notebook|Teclado Apple";"";"teclado-apple";"";"Teclado, Apple";"Teclado Apple";"114.jpg";"Cliente Final|Servicio Tecnico|Distribuidor|Visitor|Guest"
"115";"1";"04-06-2012 19:44:06";"04-06-2012 19:44:06";"3";"0";"Root|Inicio|COMPUTACIÓN|Teclados Notebook|Teclado Dell";"";"teclado-dell";"";"Teclado, Dell";"Teclado Dell";"115.jpg";"Cliente Final|Servicio Tecnico|Distribuidor|Visitor|Guest"
"117";"1";"04-06-2012 19:45:25";"04-06-2012 19:45:25";"4";"0";"Root|Inicio|COMPUTACIÓN|Teclados Notebook|Teclado HP- Compaq";"";"teclado-hp";"";"Teclado, HP, Compaq";"Teclado HP- Compaq";"117.jpg";"Cliente Final|Servicio Tecnico|Distribuidor|Visitor|Guest"
"118";"1";"04-06-2012 19:45:52";"04-06-2012 19:45:52";"5";"0";"Root|Inicio|COMPUTACIÓN|Teclados Notebook|Teclado IBM";"";"teclado-ibm";"";"Teclado, IBM";"Teclado IBM";"118.jpg";"Cliente Final|Servicio Tecnico|Distribuidor|Visitor|Guest"
"119";"0";"04-06-2012 19:46:32";"04-06-2012 19:46:32";"6";"0";"Root|Inicio|COMPUTACIÓN|Teclados Notebook|Teclado Samsung";"";"teclado-samsung";"";"Teclado, Samsung";"Teclado Samsung";"119.jpg";"Cliente Final|Servicio Tecnico|Distribuidor|Visitor|Guest"
"120";"0";"04-06-2012 19:46:50";"04-06-2012 19:46:50";"7";"0";"Root|Inicio|COMPUTACIÓN|Teclados Notebook|Teclado Sony";"";"teclado-sony";"";"Teclado, Sony";"Teclado Sony";"120.jpg";"Cliente Final|Servicio Tecnico|Distribuidor|Visitor|Guest"
"121";"1";"04-06-2012 19:47:12";"04-06-2012 19:47:12";"8";"0";"Root|Inicio|COMPUTACIÓN|Teclados Notebook|Teclado Toshiba";"";"teclado-toshiba";"";"Teclado, Toshiba";"Teclado Toshiba";"121.jpg";"Cliente Final|Servicio Tecnico|Distribuidor|Visitor|Guest"
"123";"1";"24-06-2012 22:47:09";"06-08-2012 12:31:22";"5";"0";"Root|Inicio|COMPUTACIÓN|Accesorios de Tablet|Accesorios Galaxy Tab|Samsung Galaxy Tab 2 de 7 pulgadas P3100 P3110";"";"samsung-galaxy-tab-2-de-7-pulgadas-p3100-p3110";"";"Samsung, Galaxy, Tab, 2, de, 7, pulgadas, P3100, P3110";"Samsung Galaxy Tab 2 de 7 pulgadas P3100 P3110";"123.jpg";"Cliente Final|Servicio Tecnico|Distribuidor|Visitor|Guest"
"124";"1";"29-06-2012 18:26:51";"30-07-2012 16:47:06";"6";"0";"Root|Inicio|COMPUTACIÓN|Accesorios de Tablet|Accesorios Galaxy Tab|Samsung Galaxy Tab 2 de 10.1 pulgadas P5100 P5110";"";"samsung-galaxy-tab-2-de-101-pulgadas-p5100";"";"Samsung, Galaxy, Tab, 2, de, 10.1, pulgadas, P5100, P5110";"Samsung Galaxy Tab 2 de 10.1 pulgadas P5100 P5110";"124.jpg";"Cliente Final|Servicio Tecnico|Distribuidor|Visitor|Guest"
"125";"1";"26-07-2012 15:09:06";"01-06-2015 13:30:05";"15";"0";"Root|Inicio|COMPUTACIÓN|Accesorios de Tablet|Accesorios Sony S1";"";"accesorios-tablet-sony-s1";"Accesorios Tablet Sony S1";"Accesorios, Tablet, Sony, S1";"Accesorios Tablet Sony S1";"125.jpg";"Cliente Final|Servicio Tecnico|Distribuidor|Visitor|Guest"
"126";"1";"31-07-2012 0:23:00";"26-05-2015 21:43:50";"6";"0";"Root|Inicio|COMPUTACIÓN|Accesorios de Tablet|Accesorios LG Optimus Pad";"";"accesorios-lg-optimus-pad";"Accesorios LG Optimus Pad";"Accesorios, LG, Optimus, Pad";"Accesorios LG Optimus Pad";"126.jpg";"Cliente Final|Servicio Tecnico|Distribuidor|Visitor|Guest"
"127";"0";"07-08-2012 9:21:41";"04-04-2016 23:56:21";"5";"0";"Root|Inicio|CASA, AUTO Y JARDIN|Decodificadores FTA";"";"decodificadores-fta";"Decodificadores FTA";"Decodificadores, FTA";"Decodificadores FTA";"127.jpg";"Cliente Final|Servicio Tecnico|Distribuidor|Visitor|Guest"
"128";"1";"07-08-2012 14:52:54";"26-07-2017 17:14:00";"4";"0";"Root|Inicio|ENTRETENCION|Spinner";"";"spinner";"";"Juguetes, Educativos, spinner";"Juguetes, Educativos, spinner";"128.jpg";"Cliente Final|Servicio Tecnico|Distribuidor|Visitor|Guest"
"129";"1";"09-08-2012 13:02:41";"01-06-2015 13:30:05";"17";"0";"Root|Inicio|COMPUTACIÓN|Accesorios de Tablet|Accesorios Tablet Asus Eee Pad / TF101";"";"accesorios-tablet-asus-eee-pad-tf101";"";"Accesorios, Tablet, Asus, Eee, Pad, / TF101";"Accesorios Tablet Asus Eee Pad / TF101";"129.jpg";"Cliente Final|Servicio Tecnico|Distribuidor|Visitor|Guest"
"133";"1";"25-09-2012 18:42:03";"14-07-2017 16:14:53";"8";"0";"Root|Inicio|COMPUTACIÓN|Baterias de Notebook|Baterias Packard Bell";"";"baterias-packard-bell";"Baterias Packard Bell";"Baterias, Packard, Bell,baterias notebook packard bell,baterias packard bell";"Baterias Packard Bell";"133.jpg";"Cliente Final|Servicio Tecnico|Distribuidor|Visitor|Guest"
"139";"1";"19-11-2012 22:46:46";"19-06-2015 11:48:54";"4";"0";"Root|Inicio|COMPUTACIÓN|Accesorios de Tablet|Accesorios Ipad Mini 1/2/3/Retina";"";"accesorios-ipad-mini";"";"Accesorios, Ipad, Mini, 1/2/3/Retina, ipad mini 1, ipad mini 2, ipad mini3, ipad mini retina";"Accesorios Ipad Mini1/2/3/Retina";"139.jpg";"Cliente Final|Servicio Tecnico|Distribuidor|Visitor|Guest"
"140";"1";"20-11-2012 11:08:29";"24-09-2015 16:47:47";"12";"0";"Root|Inicio|COMPUTACIÓN|Accesorios de Tablet|Accesorios Galaxy Note 10.1";"";"accesorios-samsung-galaxy-note-101";"";"Accesorios, Samsung, Galaxy, Note 10.1, N8000, N8010";"Accesorios Samsung Galaxy Note 10.1";"140.jpg";"Cliente Final|Servicio Tecnico|Distribuidor|Visitor|Guest"
"143";"0";"15-12-2012 3:33:44";"08-09-2015 11:20:07";"2";"0";"Root|Inicio|CASA, AUTO Y JARDIN";"";"casa-auto-y-jardin";"CASA Y JARDIN";"CASA Y JARDIN";"CASA Y JARDIN";"143.jpg";"Cliente Final|Servicio Tecnico|Distribuidor|Visitor|Guest"
"215";"0";"";"";"5";"0";"";"";"";"";"";"";"215.jpg";""
"218";"1";"08-09-2015 11:05:33";"19-08-2017 9:22:02";"6";"0";"Root|Inicio|ENTRETENCION";"";"juguetes";"JUGUETES, DRONE, DRONES, SPINNER, CONSOLAS, PS3, PS4, XBOX";"JUGUETES, DRONE, DRONES, SPINNER, CONSOLAS, PS3, PS4, XBOX";"JUGUETES, DRONE, DRONES, SPINNER, CONSOLAS, PS3, PS4, XBOX";"218.jpg";"Cliente Final|Servicio Tecnico|Distribuidor|Visitor|Guest"
"146";"0";"15-12-2012 22:36:37";"15-12-2012 22:36:37";"3";"0";"Root|Inicio|CASA, AUTO Y JARDIN|Piscinas";"";"piscinas";"Piscinas";"Piscinas";"Piscinas";"146.jpg";"Cliente Final|Servicio Tecnico|Distribuidor|Visitor|Guest"
"216";"0";"";"";"2";"0";"";"";"";"";"";"";"216.jpg";""
"238";"1";"19-07-2018 20:56:08";"19-07-2018 20:56:08";"5";"0";"Root|Inicio|COMPUTACIÓN|Repuestos Servidores|Memorias de Servidor";"";"memorias-de-servidor";"Memorias de Servidor";"Memorias, Servidor";"Memorias de Servidor";"238.jpg";"Cliente Final|Servicio Tecnico|Distribuidor|Visitor|Guest"
"217";"1";"07-09-2015 20:07:54";"07-09-2015 20:08:05";"8";"0";"Root|Inicio|OTROS";"";"otros";"OTROS";"OTROS";"OTROS";"217.jpg";"Cliente Final|Servicio Tecnico|Distribuidor|Visitor|Guest"
"150";"0";"24-02-2013 11:11:25";"08-09-2015 11:20:24";"9";"0";"Root|Inicio|CASA, AUTO Y JARDIN|Accesorios Autos";"";"accesorios-autos";"Accesorios Autos";"Accesorios, Autos";"Accesorios Autos";"150.jpg";"Cliente Final|Servicio Tecnico|Distribuidor|Visitor|Guest"
"151";"1";"24-02-2013 11:47:20";"27-03-2013 13:52:25";"0";"0";"Root|Inicio|CASA, AUTO Y JARDIN|Accesorios Autos|Camaras";"";"camaras";"";"Camaras";"Camaras";"151.jpg";"Cliente Final|Servicio Tecnico|Distribuidor|Visitor|Guest"
"152";"0";"24-02-2013 12:45:34";"27-03-2013 13:53:32";"2";"0";"Root|Inicio|CASA, AUTO Y JARDIN|Accesorios Autos|Manos Libre";"";"manos-libre";"";"Manos Libre";"Manos Libre";"152.jpg";"Cliente Final|Servicio Tecnico|Distribuidor|Visitor|Guest"
"153";"0";"22-03-2013 16:30:38";"08-09-2015 11:07:18";"5";"0";"Root|Inicio|COMPUTACIÓN|Impresoras";"";"impresoras";"";"Impresoras";"Impresoras";"153.jpg";"Cliente Final|Servicio Tecnico|Distribuidor|Visitor|Guest"
"154";"0";"22-03-2013 16:31:34";"22-03-2013 18:48:11";"1";"0";"Root|Inicio|COMPUTACIÓN|Impresoras|Inyección de Tinta";"";"inyeccion-de-tinta";"";"Inyección de Tinta";"Inyección de Tinta";"154.jpg";"Cliente Final|Servicio Tecnico|Distribuidor|Visitor|Guest"
"155";"0";"22-03-2013 17:41:40";"03-04-2013 19:57:39";"2";"0";"Root|Inicio|COMPUTACIÓN|Impresoras|Multifuncionales";"";"multifuncionales";"";"Multifuncionales";"Multifuncionales";"155.jpg";"Cliente Final|Servicio Tecnico|Distribuidor|Visitor|Guest"
"156";"0";"22-03-2013 17:41:57";"22-03-2013 17:41:57";"3";"0";"Root|Inicio|COMPUTACIÓN|Impresoras|Laser";"";"laser";"";"Laser";"Laser";"156.jpg";"Cliente Final|Servicio Tecnico|Distribuidor|Visitor|Guest"
"157";"1";"23-03-2013 21:51:43";"08-09-2015 11:16:46";"11";"0";"Root|Inicio|COMPUTACIÓN|Suministros";"";"suministros";"";"Suministros";"Suministros";"157.jpg";"Cliente Final|Servicio Tecnico|Distribuidor|Visitor|Guest"
"158";"0";"24-03-2013 22:22:58";"24-03-2013 22:22:58";"1";"0";"Root|Inicio|COMPUTACIÓN|Suministros|Tintas";"";"tintas";"Tintas";"Tintas";"Tintas";"158.jpg";"Cliente Final|Servicio Tecnico|Distribuidor|Visitor|Guest"
"159";"1";"25-03-2013 13:26:33";"26-05-2015 21:41:34";"5";"0";"Root|Inicio|COMPUTACIÓN|Accesorios de Tablet|Accesorios Lenovo S1 K1";"";"accesorios-lenovo-s1-k1";"";"Accesorios, Lenovo S1 K1,accesorios lenovo k1, accesorios lenovo s1,accesorios lenovo k1 s1";"Accesorios Lenovo S1 K1";"159.jpg";"Cliente Final|Servicio Tecnico|Distribuidor|Visitor|Guest"
"160";"1";"26-03-2013 18:03:25";"08-09-2015 12:05:44";"1";"0";"Root|Inicio|CAMARAS|Accesorios Cámaras Fotograficas";"";"accesorios-camaras-fotograficas";"";"Accesorios Cámaras Fotograficas";"Accesorios Cámaras Fotograficas";"160.jpg";"Cliente Final|Servicio Tecnico|Distribuidor|Visitor|Guest"
"161";"1";"28-03-2013 16:50:02";"30-07-2018 14:58:58";"6";"0";"Root|Inicio|COMPUTACIÓN|Cargadores de Notebook|Cargador Lenovo";"";"cargador-lenovo";"cargadores lenovo";"cargadores, lenovo";"cargadores lenovo";"161.jpg";"Cliente Final|Servicio Tecnico|Distribuidor|Visitor|Guest"
"165";"0";"28-04-2013 23:07:41";"28-04-2013 23:07:41";"2";"0";"Root|Inicio|COMPUTACIÓN|Suministros|Toner";"";"toner";"";"Toner";"Toner";"165.jpg";"Cliente Final|Servicio Tecnico|Distribuidor|Visitor|Guest"
"166";"1";"29-04-2013 17:28:51";"24-09-2015 16:47:35";"10";"0";"Root|Inicio|COMPUTACIÓN|Accesorios de Tablet|Accesorios ATIV Smart PC";"";"accesorios-samsung-ativ-smart-pc";"Accesorios Samsung ATIV Smart PC";"Accesorios, Samsung, ATIV, Smart PC";"Accesorios Samsung ATIV Smart PC";"166.jpg";"Cliente Final|Servicio Tecnico|Distribuidor|Visitor|Guest"
"168";"1";"26-05-2013 13:20:48";"20-12-2017 19:49:50";"3";"0";"Root|Inicio|ENTRETENCION|Drone";"";"drone";"Drones radio controlados";"Cuadricopteros, Radio, Controlados, drone, drones, dron, cuadricoptero, camara, cuadricoptero rc, drone, camara, ";"Drones radio controlados";"168.jpg";"Cliente Final|Servicio Tecnico|Distribuidor|Visitor|Guest"
"220";"1";"15-09-2015 16:59:54";"19-04-2018 7:39:49";"4";"0";"Root|Inicio|COMPUTACIÓN|Repuestos Servidores|Fuentes de Poder";"";"fuentes-de-poder";"FUENTES DE PODER";"FUENTES, PODER";"FUENTES DE PODER";"220.jpg";"Cliente Final|Servicio Tecnico|Distribuidor|Visitor|Guest"
"170";"0";"27-05-2013 14:44:58";"27-05-2013 14:44:58";"1";"0";"Root|Inicio|ENTRETENCION|Juguetes Radio Controlados|Helicópteros RC";"";"helicopteros-rc";"Helicópteros RC";"Helicópteros RC";"Helicópteros RC";"170.jpg";"Cliente Final|Servicio Tecnico|Distribuidor|Visitor|Guest"
"171";"1";"06-06-2013 19:47:11";"01-06-2015 19:56:08";"1";"0";"Root|Inicio|COMPUTACIÓN|Almacenamiento|Discos Duros";"Discos Duros";"discos-duros";"Discos Duros";"Discos Duros";"Discos Duros";"171.jpg";"Cliente Final|Servicio Tecnico|Distribuidor|Visitor|Guest"
"173";"1";"06-08-2013 18:50:03";"24-09-2015 16:47:41";"11";"0";"Root|Inicio|COMPUTACIÓN|Accesorios de Tablet|Accesorios Galaxy Note 8""";"";"accesorios-samsung-galaxy-note-8";"";"";"";"173.jpg";"Cliente Final|Servicio Tecnico|Distribuidor|Visitor|Guest"
"174";"1";"23-08-2013 20:31:20";"08-09-2015 11:03:49";"1";"0";"Root|Inicio|COMPUTACIÓN|Accesorios Mac";"";"accesorios-mac";"";"Accesorios, Mac";"Accesorios Mac";"174.jpg";"Cliente Final|Servicio Tecnico|Distribuidor|Visitor|Guest"
"175";"1";"10-09-2013 15:50:26";"24-10-2013 1:26:41";"3";"0";"Root|Inicio|COMPUTACIÓN|Accesorios de Tablet|Accesorios Galaxy Tab|Accesorios Samsung Galaxy Tab 3|Samsung Galaxy Tab 3 de 10.1 pulgadas P5200 P5210";"";"samsung-galaxy-tab-3-de-101-pulgadas-p5200-p5210";"Samsung Galaxy Tab 3 de 10.1 pulgadas P5200 P5210";"Samsung, Galaxy, Tab 3, 10.1, pulgadas, P5200, P5210";"Samsung Galaxy Tab 3 de 10.1 pulgadas P5200 P5210";"175.jpg";"Cliente Final|Servicio Tecnico|Distribuidor|Visitor|Guest"
"176";"1";"10-09-2013 16:20:03";"24-10-2013 17:03:20";"1";"0";"Root|Inicio|COMPUTACIÓN|Accesorios de Tablet|Accesorios Galaxy Tab|Accesorios Samsung Galaxy Tab 3|Samsung Galaxy Tab 3 de 7 pulgadas T2100 T2110 P3200 P3210";"";"samsung-galaxy-tab-3-de-7-pulgadas-t2100-t2110";"Samsung Galaxy Tab 3 de 7 pulgadas T2100 T2110 P3200 P3210";"Samsung, Galaxy, Tab, 3, 7, pulgadas, T2100, T2110, P3200, P3210";"Samsung Galaxy Tab 3 de 7 pulgadas T2100 T2110 P3200 P3210";"176.jpg";"Cliente Final|Servicio Tecnico|Distribuidor|Visitor|Guest"
"177";"1";"26-09-2013 17:56:16";"24-10-2013 1:25:01";"2";"0";"Root|Inicio|COMPUTACIÓN|Accesorios de Tablet|Accesorios Galaxy Tab|Accesorios Samsung Galaxy Tab 3|Samsung Galaxy Tab 3 de 8 pulgadas T3110  T3100";"";"samsung-galaxy-tab-3-de-8-pulgadas-t3110-t3100";"Samsung Galaxy Tab 3 de 8 pulgadas T3110 / T3100";"";"Samsung, Galaxy, Tab 3, 8, pulgadas, T3110 / T3100";"177.jpg";"Cliente Final|Servicio Tecnico|Distribuidor|Visitor|Guest"
"178";"1";"24-10-2013 1:21:26";"12-01-2015 19:59:49";"7";"0";"Root|Inicio|COMPUTACIÓN|Accesorios de Tablet|Accesorios Galaxy Tab|Accesorios Samsung Galaxy Tab 3";"";"nuevo-accesorios-samsung-galaxy-tab-3";"Accesorios Samsung Galaxy Tab 3";"Accesorios, Samsung, Galaxy, Tab 3";"Accesorios Samsung Galaxy Tab 3";"178.jpg";"Cliente Final|Servicio Tecnico|Distribuidor|Visitor|Guest"
"179";"1";"06-11-2013 22:09:21";"08-09-2015 11:17:30";"7";"0";"Root|Inicio|ENTRETENCION|Repuestos Juguetes RC";"";"repuestos-juguetes-rc";"Repuestos Juguetes RC";"Repuestos Juguetes RC";"Repuestos Juguetes RC";"179.jpg";"Cliente Final|Servicio Tecnico|Distribuidor|Visitor|Guest"
"180";"0";"14-05-2014 18:10:08";"07-09-2015 20:01:35";"7";"0";"Root|Inicio|CASA, AUTO Y JARDIN|TV y DVD Portatiles";"";"tv-y-dvd-portatiles";"TV, DVD, Portatiles";"TV, DVD, Portatiles,tv portatil, dvd portatil";"TV, DVD, Portatiles";"180.jpg";"Cliente Final|Servicio Tecnico|Distribuidor|Visitor|Guest"
"185";"1";"27-06-2014 13:33:13";"14-07-2015 23:46:43";"2";"0";"Root|Inicio|CELULARES|Baterías de Celulares";"";"baterias-celulares-smartphone";"Baterías de Celulares";"Baterías, Celulares, smartphone";"Baterías de Celulares";"185.jpg";"Cliente Final|Servicio Tecnico|Distribuidor|Visitor|Guest"
"222";"1";"22-11-2015 12:44:55";"19-08-2017 9:23:58";"1";"0";"Root|Inicio|ENTRETENCION|Accesorios para Drone";"";"accesorios-para-drone";"Accesorio para Drone";"Accesorio, Drone, syma, cheerson, walkera, phantom";"Accesorio para Drone";"222.jpg";"Cliente Final|Servicio Tecnico|Distribuidor|Visitor|Guest"
"188";"1";"03-10-2014 11:18:27";"03-10-2014 11:18:27";"4";"0";"Root|Inicio|COMPUTACIÓN|Accesorios de Tablet|Accesorios Galaxy Tab|Accesorios Samsung Galaxy Tab 3|Samsung Galaxy Tab 3 LITE de 7 pulgadas T111 / T110";"";"samsung-galaxy-tab-3-lite-de-7-pulgadas-t111-t110";"Samsung Galaxy Tab 3 LITE de 7 pulgadas T111 / T110";"Samsung Galaxy Tab 3 LITE de 7 pulgadas T111 / T110";"Samsung Galaxy Tab 3 LITE de 7 pulgadas T111 / T110";"188.jpg";"Cliente Final|Servicio Tecnico|Distribuidor|Visitor|Guest"
"189";"1";"21-11-2014 19:06:35";"14-07-2017 16:14:15";"3";"0";"Root|Inicio|COMPUTACIÓN|Baterias de Notebook|Baterías Asus";"";"baterias-asus";"Baterías Notebook Asus";"Baterías, Asus, bateria, notebook";"Baterías Notebook Asus ";"189.jpg";"Cliente Final|Servicio Tecnico|Distribuidor|Visitor|Guest"
"190";"0";"01-12-2014 10:42:28";"16-10-2015 0:28:30";"8";"0";"Root|Inicio|ENTRETENCION|Vehiculos Infantiles";"";"vehiculos-infantiles";"Autos Eléctricos";"Vehiculos, Infantiles";"Autos Eléctricos Vehiculos Infantiles";"190.jpg";"Cliente Final|Servicio Tecnico|Distribuidor|Visitor|Guest"
"191";"0";"22-12-2014 20:40:08";"07-09-2015 20:08:13";"2";"0";"Root|Inicio|OTROS|Cigarro Electronico";"";"cigarro-electronico";"Cigarro Electronico";"Cigarro, Electronico";"Cigarro Electronico";"191.jpg";"Cliente Final|Servicio Tecnico|Distribuidor|Visitor|Guest"
"192";"1";"13-01-2015 19:04:36";"17-09-2015 16:51:51";"1";"0";"Root|Inicio|COMPUTACIÓN|Accesorios de Tablet|Accesorios Galaxy Tab 4";"";"nuevo-accesorios-samsung-galaxy-tab-4";"Accesorios Samsung Galaxy Tab 4";"Accesorios, Samsung, Galaxy, Tab, 4";"Accesorios Samsung Galaxy Tab 4";"192.jpg";"Cliente Final|Servicio Tecnico|Distribuidor|Visitor|Guest"
"193";"1";"13-01-2015 20:09:43";"13-01-2015 20:09:43";"1";"0";"Root|Inicio|COMPUTACIÓN|Accesorios de Tablet|Accesorios Galaxy Tab 4|Accesorios Samsung Galaxy Tab 4 10.1 T530";"";"accesorios-samsung-galaxy-tab-4-101-t530";"Accesorios Samsung Galaxy Tab 4 10.1 T530";"Accesorios, Samsung, Galaxy, Tab 4, 10.1, T530";"Accesorios Samsung Galaxy Tab 4 10.1 T530";"193.jpg";"Cliente Final|Servicio Tecnico|Distribuidor|Visitor|Guest"
"194";"1";"13-01-2015 20:12:17";"13-01-2015 20:12:17";"2";"0";"Root|Inicio|COMPUTACIÓN|Accesorios de Tablet|Accesorios Galaxy Tab 4|Accesorios Samsung Galaxy Tab 4 8 T330";"";"accesorios-samsung-galaxy-tab-4-8-t330";"Accesorios Samsung Galaxy Tab 4 8 T330";"Accesorios, Samsung, Galaxy, Tab 4, 8, T330";"Accesorios, Samsung, Galaxy, Tab 4, 8, T330";"194.jpg";"Cliente Final|Servicio Tecnico|Distribuidor|Visitor|Guest"
"195";"1";"13-01-2015 20:14:29";"13-01-2015 20:14:29";"3";"0";"Root|Inicio|COMPUTACIÓN|Accesorios de Tablet|Accesorios Galaxy Tab 4|Accesorios Samsung Galaxy Tab 4 7 T230";"";"accesorios-samsung-galaxy-tab-4-7-t230";"Accesorios Samsung Galaxy Tab 4 7 T230";"Accesorios, Samsung, Galaxy, Tab 4, 7, T230";"Accesorios Samsung Galaxy Tab 4 7 T230";"195.jpg";"Cliente Final|Servicio Tecnico|Distribuidor|Visitor|Guest"
"197";"1";"26-01-2015 23:38:15";"17-09-2015 16:52:04";"2";"0";"Root|Inicio|COMPUTACIÓN|Accesorios de Tablet|Accesorios Galaxy Tab S";"";"nuevo-accesorios-samsung-galaxy-tab-s";"Nuevo Accesorios Samsung Galaxy Tab S";"Nuevo Accesorios Samsung Galaxy Tab S";"Nuevo Accesorios Samsung Galaxy Tab S";"197.jpg";"Cliente Final|Servicio Tecnico|Distribuidor|Visitor|Guest"
"198";"1";"26-01-2015 23:57:01";"26-01-2015 23:57:01";"1";"0";"Root|Inicio|COMPUTACIÓN|Accesorios de Tablet|Accesorios Galaxy Tab S|Accesorios Samsung Galaxy Tab S 10.5 T800";"";"accesorios-samsung-galaxy-tab-s-105-t800";"Accesorios Samsung Galaxy Tab S 10.5 T800";"Accesorios, Samsung, Galaxy, Tab S, 10.5, T800";"Accesorios Samsung Galaxy Tab S 10.5 T800";"198.jpg";"Cliente Final|Servicio Tecnico|Distribuidor|Visitor|Guest"
"199";"1";"27-01-2015 19:32:05";"27-01-2015 19:32:05";"2";"0";"Root|Inicio|COMPUTACIÓN|Accesorios de Tablet|Accesorios Galaxy Tab S|Accesorios Samsung Galaxy Tab S 8.4 T700";"";"accesorios-samsung-galaxy-tab-s-84-t700";"Accesorios Samsung Galaxy Tab S 8.4 T700";"Accesorios, Samsung, Galaxy, Tab S, 8.4, T700";"Accesorios Samsung Galaxy Tab S 8.4 T700";"199.jpg";"Cliente Final|Servicio Tecnico|Distribuidor|Visitor|Guest"
"200";"1";"10-04-2015 10:03:23";"10-04-2015 10:03:23";"1";"0";"Root";"";"";"";"";"";"200.jpg";""
"204";"1";"24-05-2015 12:25:23";"08-09-2015 12:12:18";"1";"0";"Root|Inicio|COMPUTACIÓN|Accesorios de Tablet";"";"accesorios-de-tablet";"Accesorios tablet";"Accesorios tablet samsung, Accesorios tablet acer,Accesorios tablet motorola, Accesorios tablet iconia, Accesorios tablet ipad,Accesorios tablet galaxy tab,Accesorios tablet motorola xoom,Accesorios tablet xoom";"Accesorios tablet";"204.jpg";"Cliente Final|Visitor|Guest"
"210";"1";"01-06-2015 13:25:24";"01-10-2015 14:00:04";"3";"0";"Root|Inicio|CELULARES";"";"telefonia";"";"telefonia, celulares, smartphone,";"telefonia, celulares, smartphone,";"210.jpg";"Cliente Final|Servicio Tecnico|Distribuidor|Visitor|Guest"
"223";"1";"30-11-2015 10:38:44";"30-11-2015 10:38:44";"4";"0";"Root|Inicio|CAMARAS|Cámaras o Monitor para Bebes";"";"camaras-o-monitor-para-bebes";"Cámaras o Monitor para Bebes";"Cámaras, Monitor, Bebes";"Cámaras o Monitor para Bebes";"223.jpg";"Cliente Final|Servicio Tecnico|Distribuidor|Visitor|Guest"
"211";"1";"01-06-2015 13:26:50";"07-09-2015 20:15:24";"1";"0";"Root|Inicio|CELULARES|Accesorios de Celulares";"";"accesorios-telefonia";"";"Accesorios Telefonía, accesorios, smartphone, baterías, celulares";"";"211.jpg";"Cliente Final|Servicio Tecnico|Distribuidor|Visitor|Guest"
"213";"1";"28-08-2015 12:41:10";"24-09-2015 16:49:36";"14";"0";"Root|Inicio|COMPUTACIÓN|Accesorios de Tablet|Accesorios Galaxy Tab A";"";"accesorios-samsung-galaxy-tab-a-8-t350";"Accesorios Samsung Galaxy Tab A 8"" T350 t550";"Accesorios, Samsung, Galaxy, Tab A, 8"",  T350,t550";"Accesorios Samsung Galaxy Tab A 8""  T350";"213.jpg";"Cliente Final|Servicio Tecnico|Distribuidor|Visitor|Guest"
"214";"1";"07-09-2015 19:28:45";"07-09-2015 19:28:45";"4";"0";"Root|Inicio|COMPUTACIÓN";"<p>COMPUTACIÓN</p>";"computacion";"COMPUTACIÓN";"";"COMPUTACIÓN";"214.jpg";"Cliente Final|Servicio Tecnico|Distribuidor|Visitor|Guest"
"224";"0";"18-03-2016 21:27:52";"20-03-2016 23:44:37";"5";"0";"Root|Inicio|CELULARES|Pantallas de Celulares";"";"pantallas-de-celulares";"Pantallas de Celulares";"Pantallas, Celulares, celular, smartphone";"Pantallas de Celulares";"224.jpg";"Cliente Final|Servicio Tecnico|Distribuidor|Visitor|Guest"
"225";"1";"23-05-2016 13:16:39";"14-07-2017 16:14:45";"7";"0";"Root|Inicio|COMPUTACIÓN|Baterias de Notebook|Baterías MSI";"Bateria, laptop, notebook, MSI";"baterias-msi";"Bateria, laptop, notebook, MSI";"Bateria, laptop, notebook, MSI, baterias, notebook";"Bateria, laptop, notebook, MSI";"225.jpg";"Cliente Final|Servicio Tecnico|Distribuidor|Visitor|Guest"
"226";"1";"04-07-2016 17:51:27";"04-07-2016 17:51:27";"4";"0";"Root|Inicio|OTROS|Radios";"";"radios";"radios";"radios";"radios";"226.jpg";"Cliente Final|Servicio Tecnico|Distribuidor|Visitor|Guest"
"227";"1";"28-07-2016 18:05:08";"26-09-2016 9:13:07";"3";"0";"Root|Inicio|OTROS|GPS TRACKER";"";"gps-tracker";"GPS Tracker";"GPS, Tracker";"GPS Tracker";"227.jpg";"Cliente Final|Servicio Tecnico|Distribuidor|Visitor|Guest"
"228";"0";"17-09-2016 23:36:17";"17-09-2016 23:36:17";"5";"0";"Root|Inicio|OTROS|Reloj Control";"";"reloj-control";"Reloj Control";"Reloj, Control";"Reloj Control";"228.jpg";"Cliente Final|Servicio Tecnico|Distribuidor|Visitor|Guest"
"229";"1";"09-11-2016 12:42:53";"09-11-2016 12:42:53";"6";"0";"Root|Inicio|COMPUTACIÓN|Lamparas de Proyector";"<p>Lamparas de Proyector</p>";"lamparas-de-proyector";"Lamparas de Proyector";"Lamparas, Proyector";"Lamparas de Proyector";"229.jpg";"Cliente Final|Servicio Tecnico|Distribuidor|Visitor|Guest"
"230";"1";"12-12-2016 19:37:25";"12-12-2016 19:37:25";"6";"0";"Root|Inicio|OTROS|Audifonos de Madera";"";"audifonos-de-madera";"Audifonos de Madera";"Audifonos, Madera";"Audifonos de Madera";"230.jpg";"Cliente Final|Servicio Tecnico|Distribuidor|Visitor|Guest"
"231";"1";"14-12-2016 12:08:41";"14-12-2016 12:08:41";"11";"0";"Root|Inicio|COMPUTACIÓN|Cargadores de Notebook|Cargador Panasonic";"";"cargador-panasonic";"Cargador Panasonic";"Cargador, Panasonic";"Cargador Panasonic";"231.jpg";"Cliente Final|Servicio Tecnico|Distribuidor|Visitor|Guest"
"232";"1";"14-12-2016 12:54:22";"14-07-2017 16:15:02";"9";"0";"Root|Inicio|COMPUTACIÓN|Baterias de Notebook|Baterías Panasonic";"";"baterias-panasonic";"Baterias Panasonic";"Baterias, Panasonic, bateria, notebook";"Baterias Panasonic";"232.jpg";"Cliente Final|Servicio Tecnico|Distribuidor|Visitor|Guest"
"233";"1";"16-12-2016 19:47:57";"20-12-2017 19:24:04";"7";"0";"Root|Inicio|COMPUTACIÓN|Cargadores de Notebook|Cargador MSI";"";"cargador-msi";"Cargador MSI";"Cargador, MSI";"Cargador MSI";"233.jpg";"Cliente Final|Servicio Tecnico|Distribuidor|Visitor|Guest"
"235";"1";"19-08-2017 9:23:16";"19-08-2017 9:23:16";"2";"0";"Root|Inicio|ENTRETENCION|Consolas";"";"consolas";"Consolas, ps3, ps4, xbox, gamer, youtuber";"Consolas, ps3, ps4, xbox, gamer, youtuber";"Consolas, ps3, ps4, xbox, gamer, youtuber";"235.jpg";"Cliente Final|Servicio Tecnico|Distribuidor|Visitor|Guest"
"236";"1";"10-04-2018 13:18:06";"10-04-2018 13:18:06";"1";"0";"Root|Inicio|COMPUTACIÓN|Repuestos Servidores|Discos Duros Servidores";"";"discos-duros-servidores";"Discos Duros Servidores";"Discos, Duros, Servidores";"Discos Duros Servidores";"236.jpg";"Cliente Final|Servicio Tecnico|Distribuidor|Visitor|Guest"
"237";"1";"19-04-2018 8:15:48";"19-04-2018 8:15:48";"5";"0";"Root|Inicio|CAMARAS|Camaras de seguridad";"";"camaras-de-seguridad";"Camaras de seguridad";"Camaras, seguridad, audio, hd, sricam, ip, wifi.";"Camaras de seguridad";"237.jpg";"Cliente Final|Servicio Tecnico|Distribuidor|Visitor|Guest"
